<?xml version="1.0" encoding="UTF-8"?>
<project-private xmlns="http://www.netbeans.org/ns/project-private/1">
    <editor-bookmarks xmlns="http://www.netbeans.org/ns/editor-bookmarks/2" lastBookmarkId="0"/>
    <open-files xmlns="http://www.netbeans.org/ns/projectui-open-files/2">
        <group>
            <file>file:/C:/Users/soufs/OneDrive/Documents/NetBeansProjects/IndyWinnersLab2/src/java/dao/IndyWinnerDAO.java</file>
            <file>file:/C:/Users/soufs/OneDrive/Documents/NetBeansProjects/IndyWinnersLab2/src/java/dto/IndyWinner.java</file>
            <file>file:/C:/Users/soufs/OneDrive/Documents/NetBeansProjects/IndyWinnersLab2/src/java/servlet/IndyWinnerServlet.java</file>
            <file>file:/C:/Users/soufs/OneDrive/Documents/NetBeansProjects/IndyWinnersLab2/src/java/dao/IndyWinnerDAOImpl.java</file>
        </group>
    </open-files>
</project-private>
